Seed,Average_Time,Average_Delay
1,314.9078284547311,
2,350.97133074640493,3.58875470410113
3,315.1990635512319,
4,334.52781701371487,1.9653431340806793
5,321.12752318603384,0.4727819698050279
6,329.40362460725834,1.4369370747938803
7,315.60862256950753,
8,316.5911468995951,
9,317.8381991814461,
10,316.86951585066765,
