Seed,Average_Time,Average_Delay
1,847.086136544586,64.13253975018256
2,925.298616720517,72.77607407298426
3,1019.8223219351179,84.93231719478968
4,910.7625808407437,72.61079113480532
5,1143.4169963601835,98.28513307666834
6,1193.9540554962646,103.90478774394253
7,801.0987844207393,59.29289091137641
8,1034.3318170069786,85.0887596548138
9,1071.4968592638738,90.12590386799513
10,941.4362538683984,75.98472438759971
