Seed,Average_Time,Average_Delay
1,314.9078284547311,
2,350.97133074640493,17.955452899720182
