Scenario,Average_Duration
1,306.29249728162375
2,316.8061424526247
3,330.0154249126892
4,371.7714097496706
5,485.5842454024272
6,673.8525896414343
7,855.377304964539
8,1347.473792218897
